Region,City,Filename
Los Angeles Metropolitan Area,Anaheim,Anaheim.jpg
Los Angeles Metropolitan Area,Beverly Hills,Beverly Hills.jpg
Los Angeles Metropolitan Area,Chino Hills,Chino Hills.jpg
Los Angeles Metropolitan Area,Downtown LA,DowntownLA.jpg
Los Angeles Metropolitan Area,Encino,Encino.jpg
Los Angeles Metropolitan Area,Malibu,Malibu.jpg
Los Angeles Metropolitan Area,Manhattan Beach,ManhattanBeach.jpg
Los Angeles Metropolitan Area,Westwood,Westwood.jpg
Los Angeles Metropolitan Area,Santa Monica,SantaMonica.jpg
