City,State,County
Rye,NY,Westchester
New Rochelle,NY,Westchester
Poughkeepsie,NY,Dutchess
Newburgh,NY,Orange
Long Beach,CA,Los Angeles
Anaheim,CA,Orange
Santa Ana,CA,Orange
Irvine,CA,Orange
Glendale,CA,Los Angeles
Huntington Beach,CA,Orange
Santa Clarita,CA,Los Angeles
Beverly Hills,CA,Los Angeles
Chino Hills,CA,Riverside
Malibu,CA,Los Angeles
Manhattan Beach,CA,Los Angeles
Santa Monica,CA,Los Angeles
Arlington Heights,IL,Cook
Berwyn,IL,Cook
Cicero,IL,Cook
DeKalb,IL,DeKalb
Des Plaines,IL,Cook
Evanston,IL,Cook
Fort Worth,TX,Tarrant
Arlington,TX,Tarrant
Plano,TX,Collin
Irving,TX,Dallas
Frisco,TX,Collin
McKinney,TX,Collin
Carrollton,TX,Denton
Denton,TX,Denton
Garland,TX,Dallas
Richardson,TX,Dallas
The Woodlands,TX,Montgomery
Sugar Land,TX,Fort Bend
Baytown,TX,Harris
Conroe,TX,Montgomery
Philadelphia,PA,Philadelphia
Reading,PA,Berks
Camden,NJ,Camden
Wilmington,DE,New Castle
Washington,D.C.,
Fort Lauderdale,FL,Broward
Hialeah,FL,Miami-Dade
Pembroke Pines,FL,Broward
Miramar,FL,Broward
Sandy Springs,GA,Fulton
Roswell,GA,Fulton
Johns Creek,GA,Fulton
Alpharetta,GA,Fulton
Marietta,GA,Cobb
Smyrna,GA,Cobb
Boston,MA,Suffolk
Cambridge,MA,Middlesex
Quincy,MA,Norfolk
Framingham,MA,Middlesex
Mesa,AZ,Maricopa
Chandler,AZ,Maricopa
Glendale,AZ,Maricopa
Scottsdale,AZ,Maricopa
Gilbert,AZ,Maricopa
San Bernardino,CA,San Bernardino
Fontana,CA,San Bernardino
Moreno Valley,CA,Riverside
Rancho Cucamonga,CA,San Bernardino
Ontario,CA,San Bernardino
Corona,CA,Riverside
Victorville,CA,San Bernardino
Murrieta,CA,Riverside
Temecula,CA,Riverside
Tacoma,WA,Pierce
Bellevue,WA,King
Everett,WA,Snohomish
Minneapolis,MN,Hennepin
Saint Paul,MN,Ramsey
Bloomington,MN,Hennepin
Brooklyn Park,MN,Hennepin
Plymouth,MN,Hennepin
Chula Vista,CA,San Diego
Oceanside,CA,San Diego
Escondido,CA,San Diego
Carlsbad,CA,San Diego
St. Petersburg,FL,Pinellas
Clearwater,FL,Pinellas
Brandon,FL,Hillsborough
Berger,MO,Franklin
Arnold,MO,Jefferson
Cottleville,MO,St. Charles
Barnhart,MO,Jefferson
Columbia,MD,Howard
Towson,MD,Baltimore
Arvada,CO,Jefferson
Aurora,CO,Arapahoe
Centennial,CO,Arapahoe
Denver,CO,Denver
Indiana,PA,Indiana
Jeannette,PA,Westmoreland
Latrobe,PA,Westmoreland
Lower Burrell,PA,Westmoreland
Concord,NC,Cabarrus
Gastonia,NC,Gaston
Cornelius,NC,Mecklenburg
Hickory,NC,Catawba
Gresham,OR,Multnomah
Hillsboro,OR,Washington
Beaverton,OR,Washington
New Braunfels,TX,Comal
Schertz,TX,Guadalupe
Seguin,TX,Guadalupe
Kissimmee,FL,Osceola
Sanford,FL,Seminole
Tavares,FL,Lake
Winter Park,FL,Orange
Arden-Arcade,CA,Sacramento
Roseville,CA,Placer
Yuba City,CA,Sutter
South Lake Tahoe,CA,El Dorado
Hamilton,OH,Butler
Middletown,OH,Butler
Fairfield,OH,Butler
Mason,OH,Warren
Parma,OH,Cuyahoga
Lorain,OH,Lorain
Elyria,OH,Lorain
Lakewood,OH,Cuyahoga
Independence,MO,Jackson
Lee's Summit,MO,Cass
Blue Springs,MO,Jackson
Paradise,NV,Clark
Henderson,NV,Clark
Boulder City,NV,Clark
Delaware,OH,Delaware
Newark,OH,Licking
Lancaster,OH,Fairfield
London,OH,Madison
Carmel,IN,Hamilton
Greenwood,IN,Johnson
Noblesville,IN,Hamilton
Round Rock,TX,Williamson
Cedar Park,TX,Williamson
San Marcos,TX,Caldwell
Georgetown,TX,Williamson
Murfreesboro,TN,Rutherford
Franklin,TN,Williamson
Hendersonville,TN,Sumner
Norfolk,VA,
Chesapeake,VA,
Newport News,VA,
Warwick,RI,Kent
Cranston,RI,Providence
Racine,WI,Racine
Waukesha,WI,Waukesha
St. Augustine,FL,St. Johns
Fernandina Beach,FL,Nassau
Jacksonville Beach,FL,Duval
Orange Park,FL,Clay
Bartlett,TN,Shelby
Collierville,TN,Shelby
Germantown,TN,Shelby
Norman,OK,Cleveland
Edmond,OK,Oklahoma
Noble,OK,Cleveland
Anchorage,KY,Jefferson
Audubon Park,KY,Jefferson
Petersburg,VA,
Hopewell,VA,Prince George
Colonial Heights,VA,
Kenner,LA,
Metairie,LA,
Avon,CT,Hartford
Berlin,CT,Hartford
Durham,NC,Durham
Cary,NC,Wake
Chapel Hill,NC,Orange
Alta,UT,Salt Lake
Bluffdale,UT,Salt Lake
Coalville,UT,Summit
Hoover,AL,Jefferson
Talladega,AL,Talladega
Niagara Falls,NY,Niagara
Tonawanda,NY,Erie
North Tonawanda,NY,Niagara
Lackawanna,NY,Erie
Greece,NY,Monroe
Irondequoit,NY,Monroe
