Email,Business Name
apronguy783@gmail.com,The Apron Guy
info@marionandrose.com,Marion and Rose's Workshop
alanna@uptownrunway.com,Urban Stitch Boutique
barrett@doormansf.com,Doorman SF
du@wonolo.com,Wonolo
stemsflorist14@gmail.com,Crystal Trees
planterboxguy@gmail.com,Planterbox 
anaappledesigns@gmail.com,Ana Apple Designs
45@owlnwood.com,Owl N Wood
yvettemartinez@hyundaiserramonte.com,Nissan Serramonte
montanovelo@gmail.com,Montano Velo
makinnmeetvintage@yahoo.com,Makin Endz Meet Vintage Clothing
vibeindigo@yahoo.com,Indigo Vibe Design
uhurufurniture@yahoo.com,Uhuru Furniture And Collectibles
tenzint3@yahoo.com,Gifts of Tara
jagat@magicvisionsmanifest.com,Magic Visions
michael@treeworks.org,Treeworks
robertstoysfromtheattic@aol.com,Toys from the Attic
sales@fourthstreetlighting.com,Fourth Street Lighting
desousasacha@gmail.com,Valentine's Baby and Kids
measurezclothing@gmail.com,Measure Z Clothing
mostafaraiss@yahoo.com,Sahara Moroccan Home Decor
erin@shopkiddynamo.com,Kid Dynamo
leaudi@iamifashionhouse.com,Le Audi Fashionhouse
